{"questions":{ "animalQuestions" :[
{
	"Question": "1.What food makes up nearly all (around 99%) of a Giant Panda’s diet?",
	"name":"animal1",
	"ids":["animal1-choice-1", "animal1-choice-2", "animal1-choice-3", "animal1-choice-4"],
	"labels":["Bamboo","Jowar","Wood","Grass"],
	"values":["Answer 1", "Answer 2","Answer 3", "Answer 4"],
	"Answer": "Answer 1"
	},
	{
	"Question": "2. What type of animal is the largest primate in the world?",
	"name":"animal2",
	"ids":["animal2-choice-1", "animal2-choice-2", "animal2-choice-3", "animal2-choice-4"],
	"labels":["Lion","Cheetah","Gorilla","King-Kong"],
	"values":["Answer 1", "Answer 2","Answer 3", "Answer 4"],
	"Answer": "Answer 3"
	},
	{
	"Question": "3. Which is the tallest animal in the world?",
	"name":"animal3",
	"ids":["animal3-choice-1", "animal3-choice-2", "animal3-choice-3", "animal3-choice-4"],
	"labels":["Giraffe","Camel","Elephant","Mount Lion"],
	"values":["Answer 1", "Answer 2","Answer 3", "Answer 4"],
	"Answer": "Answer 1"
	},
	{
	"Question": "4. What is the fastest land animal in the world?",
	"name":"animal4",
	"ids":["animal4-choice-1", "animal4-choice-2", "animal4-choice-3", "animal4-choice-4"],
	"labels":["Tiger","Crocodile","Cheetah","Rat"],
	"values":["Answer 1", "Answer 2","Answer 3", "Answer 4"],
	"Answer": "Answer 3"
	},
	{
	"Question": "5.What is the most recognizable feature of a hedgehog’s appearance?",
	"name":"animal5",
	"ids":["animal5-choice-1", "animal5-choice-2", "animal5-choice-3", "animal5-choice-4"],
	"labels":["Their spines of spiky hair","Their sharp eyes","Their strong and tough skin","Their nails of the legs"],
	"values":["Answer 1", "Answer 2","Answer 3", "Answer 4"],
	"Answer": "Answer 1"
	},
	{
	"Question": "6. How many legs does a spider have?",
	"name":"animal6",
	"ids":["animal6-choice-1", "animal6-choice-2", "animal6-choice-3", "animal6-choice-4"],
	"labels":["6","5","8","10"],
	"values":["Answer 1", "Answer 2","Answer 3", "Answer 4"],
	"Answer": "Answer 3"
	},
	{
	"Question": "7.Which animal here is small n slow?",
	"name":"animal7",
	"ids":["animal7-choice-1", "animal7-choice-2", "animal7-choice-3", "animal7-choice-4"],
	"labels":["Snail","Turtle","Rabbit","Deer"],
	"values":["Answer 1", "Answer 2","Answer 3", "Answer 4"],
	"Answer": "Answer 1"
	},
	{
	"Question": "8. A ‘doe’ is what kind of animal?",
	"name":"animal8",
	"ids":["animal8-choice-1", "animal8-choice-2", "animal8-choice-3", "animal8-choice-4"],
	"labels":["a male bird","a female bird","a male deer","a female deer"],
	"values":["Answer 1", "Answer 2","Answer 3", "Answer 4"],
	"Answer": "Answer 4"
	},
	{
	"Question": "9. Groups of lions are known as what?",
	"name":"animal9",
	"ids":["animal9-choice-1", "animal9-choice-2", "animal9-choice-3", "animal9-choice-4"],
	"labels":["crowd","Prides","herd","flock"],
	"values":["Answer 1", "Answer 2","Answer 3", "Answer 4"],
	"Answer": "Answer 2"
	},
	{
	"Question": "10. What is the name of an adult female horse?",
	"name":"animal10",
	"ids":["animal10-choice-1", "animal10-choice-2", "animal10-choice-3", "animal10-choice-4"],
	"labels":["A hare","A mare","A knight","a horse"],
	"values":["Answer 1", "Answer 2","Answer 3", "Answer 4"],
	"Answer": "Answer 2"
	}
	],
	 "birdQuestions":[
	{
	"Question": "1. Species found in Australia",
	"name":"bird1",
	"ids":["bird1-choice-1", "bird1-choice-2", "bird1-choice-3", "bird1-choice-4"],
	"labels":["Marbled frogmouth","Spotted newtmouth","Mottled toadmouth","freckled salamandergob"],
	"values":["Answer 1", "Answer 2","Answer 3", "Answer 4"],
	"Answer": "Answer 1"
	},
	{
	"Question": "2. Which living bird lays the world's largest egg?",
	"name":"bird2",
	"ids":["bird2-choice-1", "bird2-choice-2", "bird2-choice-3", "bird2-choice-4"],
	"labels":["Vulture","Owl","Ostrich","Eagle"],
	"values":["Answer 1", "Answer 2","Answer 3", "Answer 4"],
	"Answer": "Answer 3"
	},
	{
	"Question": "3. What is the study of birds called as?",
	"name":"bird3",
	"ids":["bird3-choice-1", "bird3-choice-2", "bird3-choice-3", "bird3-choice-4"],
	"labels":["Ornithology","Oology","Zoology","Ichthyology"],
	"values":["Answer 1", "Answer 2","Answer 3", "Answer 4"],
	"Answer": "Answer 1"
	},
	{
	"Question": "4. Which bird's eyes are larger than its brain?",
	"name":"bird4",
	"ids":["bird4-choice-1", "bird4-choice-2", "bird4-choice-3", "bird4-choice-4"],
	"labels":["Owl","Eagle","Ostrich","Parrot"],
	"values":["Answer 1", "Answer 2","Answer 3", "Answer 4"],
	"Answer": "Answer 3"
	},
	{
	"Question": "5. Birds maintain a body temperature in the range of...?",
	"name":"bird5",
    "ids":["bird5-choice-1", "bird5-choice-2", "bird5-choice-3", "bird5-choice-4"],
	"labels":["40° to 44°C","104°C to 111°C","20°C to 22°C","0°C to 4°C"],
	"values":["Answer 1", "Answer 2","Answer 3", "Answer 4"],
	"Answer": "Answer 1"
	},
	{
	"Question":"6. Name the bird that migrates from the North Pole to the South Pole and back...?",
	"name":"bird6",
	"ids":["bird6-choice-1", "bird6-choice-2", "bird6-choice-3", "bird6-choice-4"],
	"labels":["Swallow","Crane","Penguin","Arctic tern"],
	"values":["Answer 1", "Answer 2","Answer 3", "Answer 4"],
	"Answer": "Answer 4"
	},
	{
	"Question":"7. This bird nests on Pacific Islands and is a great ocean traveler. Which one is an actual species?",
	"name":"bird7",
	"ids":["bird7-choice-1", "bird7-choice-2", "bird7-choice-3", "bird7-choice-4"],
	"labels":["Great bristole","White-fronted Jug","Blue-footed booby","Red-legged hooter"],
	"values":["Answer 1", "Answer 2","Answer 3", "Answer 4"],
	"Answer": "Answer 3"
	},
	{
	"Question":"8. Which of these birds became extinct not recently?",
	"name":"bird8",
	"ids":["bird8-choice-1", "bird8-choice-2", "bird8-choice-3", "bird8-choice-4"],
	"labels":["Great Auk","Passenger pigeon","Duck","Swan"],
	"values":["Answer 1", "Answer 2","Answer 3", "Answer 4"],
	"Answer": "Answer 2"
	},
	{
	"Question":"9. Feathers are made up of an insoluble protein called...?",
	"name":"bird9",
	"ids":["bird9-choice-1", "bird9-choice-2", "bird9-choice-3", "bird9-choice-4"],
	"labels":["Calamus","Keratin","Down","Cartilage"],
	"values":["Answer 1", "Answer 2","Answer 3", "Answer 4"],
	"Answer": "Answer 2"
	},
	{
	"Question":"10. Which is the Smallest bird in the world?",
	"name":"bird10",
	"ids":["bird10-choice-1", "bird10-choice-2", "bird10-choice-3", "bird10-choice-4"],
	"labels":["Kittiwake","Sparrow","Humming Bird","Kiwi"],
	"values":["Answer 1", "Answer 2","Answer 3", "Answer 4"],
	"Answer": "Answer 3"
	}
	 ],
"plantQuestions":[
{
	"Question": "1. Which part holds the plant upright and transports food and water?",
	"name":"plant1",
	"ids":["plant1-choice-1", "plant1-choice-2", "plant1-choice-3", "plant1-choice-4"],
	"labels":["Flowers","Leaves","Stems","Roots"],
	"values":["Answer 1", "Answer 2","Answer 3", "Answer 4"],
	"Answer": "Answer 3"
	},
	{
	"Question": "2. Which part uses sunlight to make food for the plant?",
	"name":"plant2",
	"ids":["plant2-choice-1", "plant2-choice-2", "plant2-choice-3", "plant2-choice-4"],
	"labels":["Roots","Flowers","Stems","Leaves"],
	"values":["Answer 1", "Answer 2","Answer 3", "Answer 4"],
	"Answer": "Answer 4"
	},
	{
	"Question": "3. Which of these is not a kind of a plant?",
	"name":"plant3",
	"ids":["plant3-choice-1", "plant3-choice-2", "plant3-choice-3", "plant3-choice-4"],
	"labels":["Abacus","Acanthus","Acacia","Aster"],
	"values":["Answer 1", "Answer 2","Answer 3", "Answer 4"],
	"Answer": "Answer 1"
	},
	{
	"Question": "4. Which kind of plant can be an annual, biennial, or perennial?",
	"name":"plant4",
	"ids":["plant4-choice-1", "plant4-choice-2", "plant4-choice-3", "plant4-choice-4"],
	"labels":["Venus’s-flytrap","Hollyhock","Rhododendron","Peony"],
	"values":["Answer 1", "Answer 2","Answer 3", "Answer 4"],
	"Answer": "Answer 2"
	},
	{
	"Question": "5. What are the plants that are used as medicines?",
	"name":"plant5",
	"ids":["plant5-choice-1", "plant5-choice-2", "plant5-choice-3", "plant5-choice-4"],
	"labels":["cotton plant, piña, abaca","guava, gumamela, garlic","acacia, narra, mahogany","acacia, peony, pina, abaca"],
	"values":["Answer 1", "Answer 2","Answer 3", "Answer 4"],
	"Answer": "Answer 2"
	},
	{
	"Question": "6. What plant live on air?",
	"name":"plant6",
	"ids":["plant6-choice-1", "plant6-choice-2", "plant6-choice-3", "plant6-choice-4"],
	"labels":["Lotus","Coconut tree","Orchids","Grass"],
	"values":["Answer 1", "Answer 2","Answer 3", "Answer 4"],
	"Answer": "Answer 3"
	},
	{
	"Question": "7. Which plant grows from seeds?",
	"name":"plant7",
	"ids":["plant7-choice-1", "plant7-choice-2", "plant7-choice-3", "plant7-choice-4"],
	"labels":["Mango","Rose","Orchids","Grass"],
	"values":["Answer 1", "Answer 2","Answer 3", "Answer 4"],
	"Answer": "Answer 1"
	},
	{
	"Question": "8. Which part of the plant produce new seeds which from new plants.",
	"name":"plant8",
	"ids":["plant8-choice-1", "plant8-choice-2", "plant8-choice-3", "plant8-choice-4"],
	"labels":["Flowers","Roots","Stems","Leaves"],
	"values":["Answer 1", "Answer 2","Answer 3", "Answer 4"],
	"Answer": "Answer 1"
	},
	{
	"Question": "9. From what plant was paper originally made?",
	"name":"plant9",
	"ids":["plant9-choice-1", "plant9-choice-2", "plant9-choice-3", "plant9-choice-4"],
	"labels":["Papyrus","Acer saccharinum","Prosopis","Solanum carolinense"],
	"values":["Answer 1", "Answer 2","Answer 3", "Answer 4"],
	"Answer": "Answer 1"
	},
	{
	"Question": "10. The first type of plant to evolve on Earth was",
	"name":"plant10",
	"ids":["plant10-choice-1", "plant10-choice-2", "plant10-choice-3", "plant10-choice-4"],
	"labels":["Algae","Liverwort","Moss","Fern"],
	"values":["Answer 1", "Answer 2","Answer 3", "Answer 4"],
	"Answer": "Answer 1"
	}
	]
}
}









